ID_MOEDA,DATA_REF,VL_COTACAO
BOB,13/03/2000,5.153987765
BOB,14/03/2000,7.27948159
BOB,15/03/2000,3.409652948
BOB,16/03/2000,5.311680377
BOB,17/03/2000,7.29047358
BOB,20/03/2000,7.611967504
BOB,21/03/2000,4.936365128
BOB,22/03/2000,1.909034073
BOB,23/03/2000,1.715941787
BOB,24/03/2000,3.432974994
BOB,27/03/2000,4.931106329
BOB,28/03/2000,6.301519454
BOB,29/03/2000,5.158358693
BOB,30/03/2000,7.996105134
GIP,13/03/2000,3.531936705
GIP,14/03/2000,1.695622563
GIP,15/03/2000,4.698766649
GIP,16/03/2000,6.269229412
GIP,17/03/2000,2.630656064
GIP,20/03/2000,2.890431285
GIP,21/03/2000,7.391440094
GIP,22/03/2000,2.10991025
GIP,23/03/2000,5.102510035
GIP,24/03/2000,6.243179917
GIP,27/03/2000,1.778262556
GIP,28/03/2000,7.364237785
GIP,29/03/2000,4.845142663
GIP,30/03/2000,4.248436332
XPF,13/03/2000,3.088207006
XPF,14/03/2000,6.388811171
XPF,15/03/2000,7.220702291
XPF,16/03/2000,1.836418092
XPF,17/03/2000,1.717603207
XPF,20/03/2000,6.701550305
XPF,21/03/2000,5.429701686
XPF,22/03/2000,4.517769516
XPF,23/03/2000,3.498500109
XPF,24/03/2000,1.634006083
XPF,27/03/2000,7.556894898
XPF,28/03/2000,4.112508237
XPF,29/03/2000,2.535328865
XPF,30/03/2000,5.810385048
AFN,13/03/2000,3.070409954
AFN,14/03/2000,3.674074888
AFN,15/03/2000,3.106793463
AFN,16/03/2000,7.639997602
AFN,17/03/2000,7.858805597
AFN,20/03/2000,3.80962038
AFN,21/03/2000,2.947959721
AFN,22/03/2000,2.123090625
AFN,23/03/2000,2.139751136
AFN,24/03/2000,5.526109934
AFN,27/03/2000,3.870512545
AFN,28/03/2000,3.8893677
AFN,29/03/2000,5.989113271
AFN,30/03/2000,3.283443451
FJD,13/03/2000,6.942974806
FJD,14/03/2000,1.434859335
FJD,15/03/2000,2.25150311
FJD,16/03/2000,6.237179697
FJD,17/03/2000,6.035826206
FJD,20/03/2000,4.185357869
FJD,21/03/2000,2.662849307
FJD,22/03/2000,1.764615715
FJD,23/03/2000,2.919094324
FJD,24/03/2000,1.888824999
FJD,27/03/2000,4.242633462
FJD,28/03/2000,7.704706609
FJD,29/03/2000,3.810491562
FJD,30/03/2000,7.82962352
LSL,13/03/2000,5.2664361
LSL,14/03/2000,2.200559437
LSL,15/03/2000,7.496150851
LSL,16/03/2000,4.627992332
LSL,17/03/2000,5.239120722
LSL,20/03/2000,4.198277056
LSL,21/03/2000,4.505683541
LSL,22/03/2000,6.341337621
LSL,23/03/2000,2.623254776
LSL,24/03/2000,6.223365128
LSL,27/03/2000,3.647948623
LSL,28/03/2000,2.011954486
LSL,29/03/2000,3.069167852
LSL,30/03/2000,2.262334883
PEN,13/03/2000,6.773014307
PEN,14/03/2000,1.866127551
PEN,15/03/2000,4.693538308
PEN,16/03/2000,5.203554571
PEN,17/03/2000,7.759260178
PEN,20/03/2000,6.647380173
PEN,21/03/2000,3.879809737
PEN,22/03/2000,3.804652393
PEN,23/03/2000,4.226230383
PEN,24/03/2000,7.185678542
PEN,27/03/2000,6.197287679
PEN,28/03/2000,7.805099428
PEN,29/03/2000,3.1162467
PEN,30/03/2000,7.591557324
THB,13/03/2000,1.736528456
THB,14/03/2000,3.240050435
THB,15/03/2000,4.590873659
THB,16/03/2000,7.016736507
THB,17/03/2000,6.116650403
THB,20/03/2000,3.246901393
THB,21/03/2000,1.878670394
THB,22/03/2000,3.978297472
THB,23/03/2000,1.507113993
THB,24/03/2000,4.000071168
THB,27/03/2000,5.595479429
THB,28/03/2000,4.648915291
THB,29/03/2000,7.782125771
THB,30/03/2000,4.064440131
BYN,13/03/2000,3.481795371
BYN,14/03/2000,6.173195004
BYN,15/03/2000,6.284604013
BYN,16/03/2000,5.456053257
BYN,17/03/2000,7.237176716
BYN,20/03/2000,3.569892764
BYN,21/03/2000,3.855985343
BYN,22/03/2000,3.207485437
BYN,23/03/2000,2.336151659
BYN,24/03/2000,5.963153481
BYN,27/03/2000,7.355646551
BYN,28/03/2000,4.420171738
BYN,29/03/2000,7.313082993
BYN,30/03/2000,1.937388778
CAD,13/03/2000,5.666949272
CAD,14/03/2000,7.038570702
CAD,15/03/2000,6.363464713
CAD,16/03/2000,6.382007778
CAD,17/03/2000,1.409203291
CAD,20/03/2000,7.89164263
CAD,21/03/2000,6.314746976
CAD,22/03/2000,7.746666849
CAD,23/03/2000,2.4097085
CAD,24/03/2000,5.356679738
CAD,27/03/2000,7.26997745
CAD,28/03/2000,5.579950035
CAD,29/03/2000,1.562935114
CAD,30/03/2000,3.68777138
COP,13/03/2000,5.907056153
COP,14/03/2000,1.165234923
COP,15/03/2000,5.755017459
COP,16/03/2000,2.955213308
COP,17/03/2000,4.25849539
COP,20/03/2000,7.199540257
COP,21/03/2000,7.136232316
COP,22/03/2000,5.109176159
COP,23/03/2000,1.653784573
COP,24/03/2000,5.192139506
COP,27/03/2000,2.373034179
COP,28/03/2000,4.504971743
COP,29/03/2000,7.897794306
COP,30/03/2000,2.915920854
SLL,13/03/2000,3.702850163
SLL,14/03/2000,5.491231799
SLL,15/03/2000,3.136890113
SLL,16/03/2000,4.230005503
SLL,17/03/2000,2.672888339
SLL,20/03/2000,1.740052819
SLL,21/03/2000,1.663620412
SLL,22/03/2000,6.580234528
SLL,23/03/2000,3.580941498
SLL,24/03/2000,4.889672637
SLL,27/03/2000,4.343423069
SLL,28/03/2000,5.904840231
SLL,29/03/2000,6.265083373
SLL,30/03/2000,3.613370061
SGD,13/03/2000,3.774892449
SGD,14/03/2000,3.297382772
SGD,15/03/2000,6.464103699
SGD,16/03/2000,3.573865235
SGD,17/03/2000,5.977307677
SGD,20/03/2000,4.881299198
SGD,21/03/2000,6.888868093
SGD,22/03/2000,2.520031035
SGD,23/03/2000,3.227433324
SGD,24/03/2000,4.615053117
SGD,27/03/2000,6.985213757
SGD,28/03/2000,6.08817178
SGD,29/03/2000,3.701477885
SGD,30/03/2000,6.407519042
MGA,13/03/2000,2.113365352
MGA,14/03/2000,1.937786818
MGA,15/03/2000,1.1379233
MGA,16/03/2000,7.079811215
MGA,17/03/2000,7.93975538
MGA,20/03/2000,1.365599155
MGA,21/03/2000,2.883539021
MGA,22/03/2000,3.50580585
MGA,23/03/2000,1.423246086
MGA,24/03/2000,4.380703211
MGA,27/03/2000,3.191498339
MGA,28/03/2000,4.272113442
MGA,29/03/2000,2.803766668
MGA,30/03/2000,4.950811386
XAU,13/03/2000,6.271310985
XAU,14/03/2000,7.606528044
XAU,15/03/2000,6.703965247
XAU,16/03/2000,6.664888501
XAU,17/03/2000,2.334914148
XAU,20/03/2000,3.728950977
XAU,21/03/2000,4.14699918
XAU,22/03/2000,2.654878497
XAU,23/03/2000,2.157668769
XAU,24/03/2000,7.632513285
XAU,27/03/2000,5.070833743
XAU,28/03/2000,5.729810357
XAU,29/03/2000,5.143566549
XAU,30/03/2000,5.792739868
CLP,13/03/2000,1.816533208
CLP,14/03/2000,2.148534715
CLP,15/03/2000,6.482425213
CLP,16/03/2000,3.303568661
CLP,17/03/2000,3.934193492
CLP,20/03/2000,2.072653472
CLP,21/03/2000,3.628770113
CLP,22/03/2000,1.858430445
CLP,23/03/2000,5.037918687
CLP,24/03/2000,3.206546247
CLP,27/03/2000,2.641886711
CLP,28/03/2000,6.324695885
CLP,29/03/2000,2.872276664
CLP,30/03/2000,5.754009426
MXN,13/03/2000,1.282212317
MXN,14/03/2000,1.05514729
MXN,15/03/2000,7.789137781
MXN,16/03/2000,7.491280079
MXN,17/03/2000,2.485011876
MXN,20/03/2000,6.765840411
MXN,21/03/2000,6.449783027
MXN,22/03/2000,7.881170511
MXN,23/03/2000,6.949862063
MXN,24/03/2000,6.217725396
MXN,27/03/2000,6.304821432
MXN,28/03/2000,1.43397522
MXN,29/03/2000,6.687688172
MXN,30/03/2000,4.565526366
VES,13/03/2000,4.087350786
VES,14/03/2000,2.826133251
VES,15/03/2000,7.791975796
VES,16/03/2000,2.910378337
VES,17/03/2000,2.819880188
VES,20/03/2000,1.359746218
VES,21/03/2000,1.747533381
VES,22/03/2000,5.124516129
VES,23/03/2000,3.685035169
VES,24/03/2000,5.991576195
VES,27/03/2000,2.920158684
VES,28/03/2000,7.152294517
VES,29/03/2000,3.714737117
VES,30/03/2000,3.313359022
XDR,13/03/2000,3.515734315
XDR,14/03/2000,7.212552488
XDR,15/03/2000,6.305508614
XDR,16/03/2000,4.288908303
XDR,17/03/2000,3.114405036
XDR,20/03/2000,1.623327434
XDR,21/03/2000,3.202822447
XDR,22/03/2000,4.958050787
XDR,23/03/2000,7.773725629
XDR,24/03/2000,4.395121515
XDR,27/03/2000,2.388172626
XDR,28/03/2000,7.649802983
XDR,29/03/2000,7.70506084
XDR,30/03/2000,3.331340492
DJF,13/03/2000,5.41413641
DJF,14/03/2000,7.861950696
DJF,15/03/2000,7.198500514
DJF,16/03/2000,4.461373031
DJF,17/03/2000,1.917689562
DJF,20/03/2000,4.626437724
DJF,21/03/2000,3.829599977
DJF,22/03/2000,6.544393003
DJF,23/03/2000,7.489674568
DJF,24/03/2000,3.197347939
DJF,27/03/2000,6.006273627
DJF,28/03/2000,1.09615916
DJF,29/03/2000,1.339014769
DJF,30/03/2000,6.885411322
ARS,13/03/2000,5.914787054
ARS,14/03/2000,1.764539778
ARS,15/03/2000,2.527110219
ARS,16/03/2000,1.616413057
ARS,17/03/2000,3.279962063
ARS,20/03/2000,6.307442486
ARS,21/03/2000,7.733118892
ARS,22/03/2000,1.244236648
ARS,23/03/2000,2.408942461
ARS,24/03/2000,2.633147776
ARS,27/03/2000,4.368063569
ARS,28/03/2000,7.253220975
ARS,29/03/2000,5.390534401
ARS,30/03/2000,2.412737191
MZN,13/03/2000,3.970181465
MZN,14/03/2000,6.919889748
MZN,15/03/2000,1.3464607
MZN,16/03/2000,2.552160442
MZN,17/03/2000,6.541323423
MZN,20/03/2000,4.567547858
MZN,21/03/2000,1.070234418
MZN,22/03/2000,6.130595148
MZN,23/03/2000,3.306751728
MZN,24/03/2000,7.519065678
MZN,27/03/2000,7.222272754
MZN,28/03/2000,7.40470475
MZN,29/03/2000,5.043749094
MZN,30/03/2000,1.380095065
MMK,13/03/2000,5.856550992
MMK,14/03/2000,7.841652751
MMK,15/03/2000,4.651056945
MMK,16/03/2000,1.991215944
MMK,17/03/2000,2.478124201
MMK,20/03/2000,2.057743669
MMK,21/03/2000,1.510352552
MMK,22/03/2000,4.640624046
MMK,23/03/2000,2.59801513
MMK,24/03/2000,7.243725181
MMK,27/03/2000,6.065445125
MMK,28/03/2000,2.386234999
MMK,29/03/2000,4.878516257
MMK,30/03/2000,1.600219846
WST,13/03/2000,6.879313052
WST,14/03/2000,6.81218493
WST,15/03/2000,3.373005331
WST,16/03/2000,6.674736023
WST,17/03/2000,1.629468262
WST,20/03/2000,1.747998595
WST,21/03/2000,5.756726444
WST,22/03/2000,4.700086355
WST,23/03/2000,7.77387625
WST,24/03/2000,5.403397679
WST,27/03/2000,7.274660051
WST,28/03/2000,6.443892956
WST,29/03/2000,6.399634182
WST,30/03/2000,6.704590678
ANG,13/03/2000,7.277050793
ANG,14/03/2000,5.015700221
ANG,15/03/2000,1.82227391
ANG,16/03/2000,2.397486925
ANG,17/03/2000,4.499545634
ANG,20/03/2000,7.272776246
ANG,21/03/2000,1.027364194
ANG,22/03/2000,2.603260994
ANG,23/03/2000,5.169088662
ANG,24/03/2000,3.153551459
ANG,27/03/2000,7.466825664
ANG,28/03/2000,2.789515257
ANG,29/03/2000,3.846409857
ANG,30/03/2000,4.163335919
CRC,13/03/2000,4.493616343
CRC,14/03/2000,5.819555819
CRC,15/03/2000,1.487550378
CRC,16/03/2000,2.858627737
CRC,17/03/2000,1.682712555
CRC,20/03/2000,1.211007416
CRC,21/03/2000,7.186974883
CRC,22/03/2000,4.88901633
CRC,23/03/2000,2.955560446
CRC,24/03/2000,5.050422728
CRC,27/03/2000,2.444851995
CRC,28/03/2000,7.537015855
CRC,29/03/2000,3.496669292
CRC,30/03/2000,7.721773922
HTG,13/03/2000,4.29283905
HTG,14/03/2000,5.71265918
HTG,15/03/2000,5.685925841
HTG,16/03/2000,1.380444705
HTG,17/03/2000,2.51643157
HTG,20/03/2000,4.262340605
HTG,21/03/2000,4.125504613
HTG,22/03/2000,4.54583925
HTG,23/03/2000,6.317855358
HTG,24/03/2000,3.715246975
HTG,27/03/2000,2.945252299
HTG,28/03/2000,4.3011958
HTG,29/03/2000,6.157986879
HTG,30/03/2000,1.626248896
TTD,13/03/2000,1.359960258
TTD,14/03/2000,5.390873194
TTD,15/03/2000,4.70005089
TTD,16/03/2000,7.129268289
TTD,17/03/2000,7.083864629
TTD,20/03/2000,2.555830002
TTD,21/03/2000,6.945170701
TTD,22/03/2000,6.923938155
TTD,23/03/2000,3.859767139
TTD,24/03/2000,4.498386145
TTD,27/03/2000,5.056711257
TTD,28/03/2000,2.521689534
TTD,29/03/2000,7.019393861
TTD,30/03/2000,5.9108634
XAF,13/03/2000,4.392971516
XAF,14/03/2000,2.674468815
XAF,15/03/2000,5.513875842
XAF,16/03/2000,5.256457984
XAF,17/03/2000,5.308801889
XAF,20/03/2000,5.123999178
XAF,21/03/2000,5.3242203
XAF,22/03/2000,7.098617971
XAF,23/03/2000,4.712741852
XAF,24/03/2000,7.870919526
XAF,27/03/2000,2.957238555
XAF,28/03/2000,5.328225315
XAF,29/03/2000,3.387933493
XAF,30/03/2000,5.503303587
CZK,13/03/2000,1.523109019
CZK,14/03/2000,7.643492341
CZK,15/03/2000,4.590997159
CZK,16/03/2000,5.885018349
CZK,17/03/2000,2.405847847
CZK,20/03/2000,4.197180152
CZK,21/03/2000,5.074220836
CZK,22/03/2000,7.752485991
CZK,23/03/2000,2.602028906
CZK,24/03/2000,1.962885022
CZK,27/03/2000,4.464362085
CZK,28/03/2000,5.270294666
CZK,29/03/2000,3.733905613
CZK,30/03/2000,5.261346698
NIO,13/03/2000,1.574444473
NIO,14/03/2000,6.176131487
NIO,15/03/2000,5.058143198
NIO,16/03/2000,4.913389802
NIO,17/03/2000,3.156304777
NIO,20/03/2000,4.064095497
NIO,21/03/2000,5.243616402
NIO,22/03/2000,3.558874488
NIO,23/03/2000,4.364137828
NIO,24/03/2000,3.757735014
NIO,27/03/2000,4.961281836
NIO,28/03/2000,2.760126233
NIO,29/03/2000,6.447638452
NIO,30/03/2000,7.195465565
ZWL,13/03/2000,7.268295169
ZWL,14/03/2000,6.049840629
ZWL,15/03/2000,5.75873208
ZWL,16/03/2000,2.28397423
ZWL,17/03/2000,4.314998269
ZWL,20/03/2000,3.714174688
ZWL,21/03/2000,6.102399826
ZWL,22/03/2000,1.992961228
ZWL,23/03/2000,4.718066573
ZWL,24/03/2000,5.664881885
ZWL,27/03/2000,6.520541906
ZWL,28/03/2000,4.677743971
ZWL,29/03/2000,7.59609139
ZWL,30/03/2000,7.983688295
CVE,13/03/2000,6.578516364
CVE,14/03/2000,3.48099345
CVE,15/03/2000,2.8798244
CVE,16/03/2000,4.177044928
CVE,17/03/2000,1.366743207
CVE,20/03/2000,7.86606878
CVE,21/03/2000,4.22533083
CVE,22/03/2000,7.388328373
CVE,23/03/2000,6.739484668
CVE,24/03/2000,4.478069007
CVE,27/03/2000,5.948656321
CVE,28/03/2000,1.290373385
CVE,29/03/2000,1.56728518
CVE,30/03/2000,1.14286083
OMR,13/03/2000,6.288253129
OMR,14/03/2000,2.523597121
OMR,15/03/2000,1.174071491
OMR,16/03/2000,4.215629339
OMR,17/03/2000,2.924512923
OMR,20/03/2000,3.859690785
OMR,21/03/2000,4.181171358
OMR,22/03/2000,3.89818716
OMR,23/03/2000,7.515267193
OMR,24/03/2000,1.922144771
OMR,27/03/2000,4.239659011
OMR,28/03/2000,1.735175371
OMR,29/03/2000,7.716949046
OMR,30/03/2000,7.92915976
KMF,13/03/2000,3.526343703
KMF,14/03/2000,2.978331745
KMF,15/03/2000,5.365348577
KMF,16/03/2000,7.787855208
KMF,17/03/2000,6.33216393
KMF,20/03/2000,1.576251924
KMF,21/03/2000,4.275445461
KMF,22/03/2000,7.695992291
KMF,23/03/2000,4.442469478
KMF,24/03/2000,1.49118489
KMF,27/03/2000,2.543097734
KMF,28/03/2000,6.605681956
KMF,29/03/2000,7.32546103
KMF,30/03/2000,2.756028593
GBP,13/03/2000,6.074595869
GBP,14/03/2000,7.545550346
GBP,15/03/2000,7.090267479
GBP,16/03/2000,3.145874381
GBP,17/03/2000,4.222278774
GBP,20/03/2000,1.325890303
GBP,21/03/2000,6.829081595
GBP,22/03/2000,6.439930081
GBP,23/03/2000,2.558617532
GBP,24/03/2000,4.411356449
GBP,27/03/2000,5.03923589
GBP,28/03/2000,5.159808993
GBP,29/03/2000,7.097955406
GBP,30/03/2000,4.446419001
JPY,13/03/2000,6.32780385
JPY,14/03/2000,5.915626109
JPY,15/03/2000,5.403441072
JPY,16/03/2000,6.498650968
JPY,17/03/2000,7.599556923
JPY,20/03/2000,2.949732125
JPY,21/03/2000,6.50302732
JPY,22/03/2000,7.344179332
JPY,23/03/2000,1.380110502
JPY,24/03/2000,6.406655371
JPY,27/03/2000,1.486505628
JPY,28/03/2000,1.081000268
JPY,29/03/2000,1.857880116
JPY,30/03/2000,5.658649266
LBP,13/03/2000,7.782204211
LBP,14/03/2000,4.007808328
LBP,15/03/2000,5.073244512
LBP,16/03/2000,7.712690353
LBP,17/03/2000,1.099589646
LBP,20/03/2000,2.585681319
LBP,21/03/2000,5.499537647
LBP,22/03/2000,5.704074621
LBP,23/03/2000,4.064645827
LBP,24/03/2000,4.622885823
LBP,27/03/2000,3.340804994
LBP,28/03/2000,2.071630001
LBP,29/03/2000,5.037907422
LBP,30/03/2000,5.225317836
PGK,13/03/2000,5.452729166
PGK,14/03/2000,7.924334049
PGK,15/03/2000,6.91436559
PGK,16/03/2000,4.292232394
PGK,17/03/2000,2.427247703
PGK,20/03/2000,5.278854609
PGK,21/03/2000,2.766575396
PGK,22/03/2000,5.738288522
PGK,23/03/2000,4.83102268
PGK,24/03/2000,7.5916996
PGK,27/03/2000,4.005530655
PGK,28/03/2000,7.238952041
PGK,29/03/2000,7.426444232
PGK,30/03/2000,1.263198614
TRY,13/03/2000,3.468507767
TRY,14/03/2000,7.351668656
TRY,15/03/2000,3.270850539
TRY,16/03/2000,1.119811237
TRY,17/03/2000,4.815910101
TRY,20/03/2000,6.811170638
TRY,21/03/2000,3.137217641
TRY,22/03/2000,1.536090791
TRY,23/03/2000,5.27092886
TRY,24/03/2000,2.084542096
TRY,27/03/2000,1.151820064
TRY,28/03/2000,1.738133132
TRY,29/03/2000,2.677253008
TRY,30/03/2000,3.578216136
RON,13/03/2000,5.274636805
RON,14/03/2000,2.609612107
RON,15/03/2000,1.030528486
RON,16/03/2000,2.552752495
RON,17/03/2000,5.443661034
RON,20/03/2000,1.960693717
RON,21/03/2000,5.152820766
RON,22/03/2000,6.409264326
RON,23/03/2000,2.953959525
RON,24/03/2000,4.940296292
RON,27/03/2000,4.432518899
RON,28/03/2000,6.664652348
RON,29/03/2000,2.654348195
RON,30/03/2000,6.189472079
CDF,13/03/2000,6.482233703
CDF,14/03/2000,2.622685671
CDF,15/03/2000,3.208715022
CDF,16/03/2000,5.990971208
CDF,17/03/2000,6.335669935
CDF,20/03/2000,3.289671898
CDF,21/03/2000,2.275871575
CDF,22/03/2000,7.335155845
CDF,23/03/2000,1.416153133
CDF,24/03/2000,1.459110975
CDF,27/03/2000,3.284888327
CDF,28/03/2000,5.506103635
CDF,29/03/2000,5.059315622
CDF,30/03/2000,4.81160593
UGX,13/03/2000,2.957180142
UGX,14/03/2000,1.795929849
UGX,15/03/2000,5.332231998
UGX,16/03/2000,6.378171742
UGX,17/03/2000,2.838313937
UGX,20/03/2000,1.976503074
UGX,21/03/2000,7.068588495
UGX,22/03/2000,3.084873736
UGX,23/03/2000,1.720893502
UGX,24/03/2000,5.070707738
UGX,27/03/2000,7.310144424
UGX,28/03/2000,3.537696183
UGX,29/03/2000,5.579955459
UGX,30/03/2000,7.590933979
SOS,13/03/2000,1.072653532
SOS,14/03/2000,6.618088782
SOS,15/03/2000,2.985017896
SOS,16/03/2000,4.187025964
SOS,17/03/2000,4.735115528
SOS,20/03/2000,2.441005528
SOS,21/03/2000,3.835359454
SOS,22/03/2000,3.428725898
SOS,23/03/2000,3.381841898
SOS,24/03/2000,5.135347903
SOS,27/03/2000,1.598767877
SOS,28/03/2000,1.34919399
SOS,29/03/2000,2.738357544
SOS,30/03/2000,1.462041199
MRU,13/03/2000,4.971760213
MRU,14/03/2000,1.003471375
MRU,15/03/2000,7.268262208
MRU,16/03/2000,4.956616759
MRU,17/03/2000,5.755871952
MRU,20/03/2000,3.827649832
MRU,21/03/2000,6.01618582
MRU,22/03/2000,2.801468968
MRU,23/03/2000,3.705446184
MRU,24/03/2000,2.276534557
MRU,27/03/2000,7.526709378
MRU,28/03/2000,2.448365092
MRU,29/03/2000,7.979357421
MRU,30/03/2000,2.561002016
SBD,13/03/2000,5.535386264
SBD,14/03/2000,7.524263144
SBD,15/03/2000,6.820877135
SBD,16/03/2000,6.703801274
SBD,17/03/2000,1.049230516
SBD,20/03/2000,4.092837811
SBD,21/03/2000,6.534830868
SBD,22/03/2000,6.052906871
SBD,23/03/2000,2.279013336
SBD,24/03/2000,4.322190523
SBD,27/03/2000,2.840669215
SBD,28/03/2000,6.903702378
SBD,29/03/2000,4.171695173
SBD,30/03/2000,1.058939934
CUP,13/03/2000,6.243361413
CUP,14/03/2000,4.25360918
CUP,15/03/2000,7.823024571
CUP,16/03/2000,3.876802325
CUP,17/03/2000,3.741897285
CUP,20/03/2000,1.129827738
CUP,21/03/2000,1.828890383
CUP,22/03/2000,6.705640435
CUP,23/03/2000,7.466076314
CUP,24/03/2000,4.075210571
CUP,27/03/2000,1.388982117
CUP,28/03/2000,5.58664453
CUP,29/03/2000,5.889226139
CUP,30/03/2000,4.357274771
AWG,13/03/2000,3.062624395
AWG,14/03/2000,5.869550705
AWG,15/03/2000,2.254008591
AWG,16/03/2000,5.247424483
AWG,17/03/2000,7.139308155
AWG,20/03/2000,6.909763098
AWG,21/03/2000,3.072580397
AWG,22/03/2000,6.724082112
AWG,23/03/2000,6.662216127
AWG,24/03/2000,5.232396603
AWG,27/03/2000,5.180607617
AWG,28/03/2000,3.92221725
AWG,29/03/2000,6.251160324
AWG,30/03/2000,6.665515184
KES,13/03/2000,1.349784791
KES,14/03/2000,1.865003109
KES,15/03/2000,3.196850598
KES,16/03/2000,4.131300807
KES,17/03/2000,1.850472152
KES,20/03/2000,3.187892199
KES,21/03/2000,6.503329813
KES,22/03/2000,2.136423707
KES,23/03/2000,6.811421812
KES,24/03/2000,7.126088142
KES,27/03/2000,2.975607216
KES,28/03/2000,3.608995795
KES,29/03/2000,3.475492656
KES,30/03/2000,1.63851428
ALL,13/03/2000,4.633543611
ALL,14/03/2000,4.433343351
ALL,15/03/2000,5.920479774
ALL,16/03/2000,3.61196357
ALL,17/03/2000,3.641332984
ALL,20/03/2000,4.55426234
ALL,21/03/2000,1.874861479
ALL,22/03/2000,7.547402442
ALL,23/03/2000,4.189264417
ALL,24/03/2000,2.597723901
ALL,27/03/2000,3.432709217
ALL,28/03/2000,3.559161961
ALL,29/03/2000,1.848077655
ALL,30/03/2000,5.289008796
DZD,13/03/2000,6.532591999
DZD,14/03/2000,1.265067816
DZD,15/03/2000,7.401197493
DZD,16/03/2000,3.554637074
DZD,17/03/2000,7.72133249
DZD,20/03/2000,6.402703762
DZD,21/03/2000,2.626717389
DZD,22/03/2000,1.712794185
DZD,23/03/2000,7.492710769
DZD,24/03/2000,5.101020098
DZD,27/03/2000,7.244414866
DZD,28/03/2000,1.4717623
DZD,29/03/2000,4.129624784
DZD,30/03/2000,1.198822975
ISK,13/03/2000,3.860380471
ISK,14/03/2000,6.587488532
ISK,15/03/2000,5.641576946
ISK,16/03/2000,3.835573912
ISK,17/03/2000,6.997296393
ISK,20/03/2000,3.843488812
ISK,21/03/2000,2.623331964
ISK,22/03/2000,6.391041279
ISK,23/03/2000,6.578697026
ISK,24/03/2000,6.105878711
ISK,27/03/2000,1.566386878
ISK,28/03/2000,1.121202707
ISK,29/03/2000,7.460234225
ISK,30/03/2000,7.995202661
SAR,13/03/2000,6.211204052
SAR,14/03/2000,5.949263394
SAR,15/03/2000,4.501015544
SAR,16/03/2000,2.860468566
SAR,17/03/2000,7.800481081
SAR,20/03/2000,4.737828791
SAR,21/03/2000,6.216129899
SAR,22/03/2000,5.222693861
SAR,23/03/2000,7.941100121
SAR,24/03/2000,5.384086907
SAR,27/03/2000,2.823009849
SAR,28/03/2000,7.515091121
SAR,29/03/2000,5.47479701
SAR,30/03/2000,1.300330222
UYU,13/03/2000,6.786278963
UYU,14/03/2000,4.799966395
UYU,15/03/2000,7.971123338
UYU,16/03/2000,1.133494794
UYU,17/03/2000,2.681353569
UYU,20/03/2000,3.745357811
UYU,21/03/2000,3.993103385
UYU,22/03/2000,1.243091762
UYU,23/03/2000,4.575951338
UYU,24/03/2000,7.141398489
UYU,27/03/2000,3.315479398
UYU,28/03/2000,4.494469583
UYU,29/03/2000,6.916300297
UYU,30/03/2000,7.586904347
ILS,13/03/2000,4.147754371
ILS,14/03/2000,7.322412729
ILS,15/03/2000,3.020666659
ILS,16/03/2000,6.821717858
ILS,17/03/2000,3.043625295
ILS,20/03/2000,1.565219879
ILS,21/03/2000,7.250985444
ILS,22/03/2000,7.004540801
ILS,23/03/2000,7.623818576
ILS,24/03/2000,2.188653708
ILS,27/03/2000,6.038642943
ILS,28/03/2000,3.41769135
ILS,29/03/2000,6.805997789
ILS,30/03/2000,6.127223492
EGP,13/03/2000,5.072078347
EGP,14/03/2000,6.692934453
EGP,15/03/2000,2.416120529
EGP,16/03/2000,4.301799119
EGP,17/03/2000,3.041552901
EGP,20/03/2000,1.944422901
EGP,21/03/2000,1.931918859
EGP,22/03/2000,2.693613112
EGP,23/03/2000,4.798483968
EGP,24/03/2000,7.626510561
EGP,27/03/2000,2.777013302
EGP,28/03/2000,4.234257519
EGP,29/03/2000,3.698767543
EGP,30/03/2000,2.109009445
PHP,13/03/2000,7.913807273
PHP,14/03/2000,3.344261348
PHP,15/03/2000,5.682598829
PHP,16/03/2000,2.590987265
PHP,17/03/2000,6.658119321
PHP,20/03/2000,4.392331064
PHP,21/03/2000,5.445372105
PHP,22/03/2000,3.331720173
PHP,23/03/2000,6.098762393
PHP,24/03/2000,2.831876457
PHP,27/03/2000,7.592312098
PHP,28/03/2000,6.244171679
PHP,29/03/2000,6.051593423
PHP,30/03/2000,6.652826726
EUR,13/03/2000,6.236753285
EUR,14/03/2000,5.450069308
EUR,15/03/2000,1.578736961
EUR,16/03/2000,6.949386835
EUR,17/03/2000,7.379978716
EUR,20/03/2000,5.023078561
EUR,21/03/2000,2.601652563
EUR,22/03/2000,6.404809952
EUR,23/03/2000,3.191199601
EUR,24/03/2000,1.806945205
EUR,27/03/2000,5.34746474
EUR,28/03/2000,6.625137091
EUR,29/03/2000,6.906927168
EUR,30/03/2000,7.279635549
MUR,13/03/2000,7.218587756
MUR,14/03/2000,2.767322242
MUR,15/03/2000,4.901209116
MUR,16/03/2000,1.971777499
MUR,17/03/2000,6.905885339
MUR,20/03/2000,4.978622854
MUR,21/03/2000,3.197727203
MUR,22/03/2000,1.040963471
MUR,23/03/2000,1.572106719
MUR,24/03/2000,5.108620822
MUR,27/03/2000,3.171746969
MUR,28/03/2000,1.776863158
MUR,29/03/2000,6.140530705
MUR,30/03/2000,7.824979722
XOF,13/03/2000,6.092057049
XOF,14/03/2000,7.449587703
XOF,15/03/2000,4.883892715
XOF,16/03/2000,4.12278676
XOF,17/03/2000,1.593177378
XOF,20/03/2000,2.183287263
XOF,21/03/2000,1.721612394
XOF,22/03/2000,2.243172646
XOF,23/03/2000,1.081384957
XOF,24/03/2000,2.920568824
XOF,27/03/2000,3.654054821
XOF,28/03/2000,6.762984037
XOF,29/03/2000,7.320534766
XOF,30/03/2000,3.557367444
NOK,13/03/2000,1.00939858
NOK,14/03/2000,2.095329225
NOK,15/03/2000,7.065869808
NOK,16/03/2000,7.2817505
NOK,17/03/2000,2.8141011
NOK,20/03/2000,7.989571273
NOK,21/03/2000,6.208094835
NOK,22/03/2000,3.130221903
NOK,23/03/2000,2.193247437
NOK,24/03/2000,1.82845062
NOK,27/03/2000,1.512501717
NOK,28/03/2000,4.503866494
NOK,29/03/2000,2.961717963
NOK,30/03/2000,7.604826152
IRR,13/03/2000,7.875276685
IRR,14/03/2000,6.141249597
IRR,15/03/2000,4.99744463
IRR,16/03/2000,4.279018223
IRR,17/03/2000,4.446321368
IRR,20/03/2000,4.220840156
IRR,21/03/2000,7.130499125
IRR,22/03/2000,3.514376223
IRR,23/03/2000,5.586682916
IRR,24/03/2000,6.010448873
IRR,27/03/2000,1.879592896
IRR,28/03/2000,6.663335145
IRR,29/03/2000,7.701085448
IRR,30/03/2000,1.733403385
ZAR,13/03/2000,7.812292516
ZAR,14/03/2000,2.093202591
ZAR,15/03/2000,3.165084183
ZAR,16/03/2000,5.768103957
ZAR,17/03/2000,2.815550983
ZAR,20/03/2000,7.166190863
ZAR,21/03/2000,5.447828352
ZAR,22/03/2000,4.164744496
ZAR,23/03/2000,7.641010225
ZAR,24/03/2000,1.393670559
ZAR,27/03/2000,5.403816998
ZAR,28/03/2000,2.131495357
ZAR,29/03/2000,7.986607254
ZAR,30/03/2000,5.369330645
MRO,13/03/2000,4.134919882
MRO,14/03/2000,4.30140692
MRO,15/03/2000,3.324711919
MRO,16/03/2000,1.998998582
MRO,17/03/2000,7.806033611
MRO,20/03/2000,3.707743466
MRO,21/03/2000,3.596669078
MRO,22/03/2000,7.460226715
MRO,23/03/2000,2.341050386
MRO,24/03/2000,3.096589625
MRO,27/03/2000,2.198441148
MRO,28/03/2000,2.099978864
MRO,29/03/2000,6.83658886
MRO,30/03/2000,5.11558944
SZL,13/03/2000,4.06366241
SZL,14/03/2000,5.854168594
SZL,15/03/2000,7.774459124
SZL,16/03/2000,5.950660288
SZL,17/03/2000,6.173338532
SZL,20/03/2000,1.563958585
SZL,21/03/2000,2.278634071
SZL,22/03/2000,2.287500679
SZL,23/03/2000,2.364721656
SZL,24/03/2000,3.134096324
SZL,27/03/2000,7.885359526
SZL,28/03/2000,5.265908301
SZL,29/03/2000,5.783746839
SZL,30/03/2000,6.564276636
MGB,13/03/2000,5.998100877
MGB,14/03/2000,2.677562177
MGB,15/03/2000,4.174151421
MGB,16/03/2000,1.891964257
MGB,17/03/2000,1.678284049
MGB,20/03/2000,3.81254977
MGB,21/03/2000,2.992577314
MGB,22/03/2000,7.51652056
MGB,23/03/2000,1.315113187
MGB,24/03/2000,6.120568216
MGB,27/03/2000,1.163004398
MGB,28/03/2000,6.471792042
MGB,29/03/2000,4.799640536
MGB,30/03/2000,3.365960777
VUV,13/03/2000,5.166688323
VUV,14/03/2000,6.30143851
VUV,15/03/2000,5.663606405
VUV,16/03/2000,4.09034735
VUV,17/03/2000,4.83289063
VUV,20/03/2000,1.84946245
VUV,21/03/2000,2.12964201
VUV,22/03/2000,4.111918271
VUV,23/03/2000,3.259144664
VUV,24/03/2000,5.847799957
VUV,27/03/2000,1.05333066
VUV,28/03/2000,4.334748805
VUV,29/03/2000,6.358963609
VUV,30/03/2000,7.993411481
SSP,13/03/2000,5.414273679
SSP,14/03/2000,4.262845039
SSP,15/03/2000,4.729399025
SSP,16/03/2000,4.855432868
SSP,17/03/2000,1.212743938
SSP,20/03/2000,3.997072935
SSP,21/03/2000,3.887799323
SSP,22/03/2000,7.046980023
SSP,23/03/2000,4.387858331
SSP,24/03/2000,1.972462177
SSP,27/03/2000,3.20943433
SSP,28/03/2000,3.088666797
SSP,29/03/2000,7.993022621
SSP,30/03/2000,3.716295481
USD,13/03/2000,4.632080376
USD,14/03/2000,7.649341941
USD,15/03/2000,6.325157344
USD,16/03/2000,4.177410841
USD,17/03/2000,5.79405123
USD,20/03/2000,7.986427426
USD,21/03/2000,2.594906747
USD,22/03/2000,4.275145054
USD,23/03/2000,5.529901326
USD,24/03/2000,3.441718936
USD,27/03/2000,5.990506828
USD,28/03/2000,5.553920984
USD,29/03/2000,4.046845019
USD,30/03/2000,2.581073403
GEL,13/03/2000,5.932289958
GEL,14/03/2000,1.191645324
GEL,15/03/2000,4.931950808
GEL,16/03/2000,1.968419611
GEL,17/03/2000,6.649357438
GEL,20/03/2000,6.548011243
GEL,21/03/2000,3.090147972
GEL,22/03/2000,1.561943352
GEL,23/03/2000,6.414440513
GEL,24/03/2000,6.365799129
GEL,27/03/2000,1.047672987
GEL,28/03/2000,3.206702292
GEL,29/03/2000,2.67816174
GEL,30/03/2000,1.730641305
